Category,Link
Others,/wiki/Category:Computer_science_by_country
Others,/wiki/Developer_relations
Others,/wiki/Category:Information_theory
Others,/wiki/Parameterized_approximation_algorithm
Others,/wiki/Nuclear_computation
Others,/wiki/Computational_neuroaesthetics
Others,/wiki/Category:Subfields_of_computer_science
Others,/wiki/Category:Problems_in_computer_science
Concepts,/wiki/Symbolic_execution
Others,/wiki/Boolean
Others,/wiki/Category:History_of_computer_science
Others,/wiki/Category:Computer_engineering
Others,/wiki/Category:Computer_science_organizations
Others,/wiki/Category:Computer_scientists
Others,/wiki/Network_Protocol_Virtualization
Others,/wiki/Category:Philosophy_of_computer_science
Others,/wiki/Category:Computer_science_suffixes
Others,/wiki/Category:String_(computer_science)
Others,/wiki/Category:Computer_science_literature
Others,/wiki/Critical_code_studies
Concepts,/wiki/Abstraction_(computer_science)
Concepts,/wiki/Virtual_environment
Others,/wiki/Prefetching
Concepts,/wiki/Computer_science
Others,/wiki/Category:Computer_hardware
Others,/wiki/Category:Computer_systems
Others,/wiki/Computational_social_choice
Others,/wiki/Category:Computer_networking
Others,/wiki/Computational_politics
Concepts,/wiki/Programming_language_design_and_implementation
Others,/wiki/Category:Computer_science_conferences
Others,/wiki/Category:Computer_algebra
Others,/wiki/Category:Computer_science_awards
Others,/wiki/Category:Software
Others,/wiki/Transition_(computer_science)
Others,/wiki/Reactive_synthesis
Others,/wiki/Category:Computer_science_stubs
Others,/wiki/Category:Embedded_systems
Others,/wiki/Glossary_of_computer_science
Others,/wiki/Computer_science_in_sport
Others,/wiki/Psychoinformatics
Concepts,/wiki/Outline_of_computer_science
Others,/wiki/Spatial_computing
Others,/wiki/Information_and_computer_science
Others,/wiki/Technology_transfer_in_computer_science
Others,/wiki/Agnostic_(data)
Others,/wiki/Category:Programming_Concepts
Concepts,/wiki/Visible_Embryo_Project
Others,/wiki/Multicover_Bifiltration
Others,/wiki/Category:Computer_science_education
Others,/wiki/Category:Network_science
Others,/wiki/Category:Computer_languages
